{
  "total_windows": 17,
  "valid_windows": 17,
  "total_data_points": 1232,
  "time_range_days": 28.708333333333336,
  "theta_range": 31.188166666666667,
  "tau_theta": 7.707617535671513,
  "r2_theta": 0.7218043017974412,
  "fit_params": [
    16.06183647846136,
    0.12974177758197192,
    17.825498628165597
  ]
}